<?xml version="1.0" encoding="UTF-8"?>
<project-private xmlns="http://www.netbeans.org/ns/project-private/1">
    <editor-bookmarks xmlns="http://www.netbeans.org/ns/editor-bookmarks/2" lastBookmarkId="0"/>
    <open-files xmlns="http://www.netbeans.org/ns/projectui-open-files/2">
        <group>
            <file>file:/C:/Users/hp/OneDrive/Documents/NetBeansProjects/tcs/src/tcs/SupllierCol.java</file>
            <file>file:/C:/Users/hp/OneDrive/Documents/NetBeansProjects/tcs/src/tcs/View.java</file>
            <file>file:/C:/Users/hp/OneDrive/Documents/NetBeansProjects/tcs/src/tcs/AddShop.java</file>
            <file>file:/C:/Users/hp/OneDrive/Documents/NetBeansProjects/tcs/src/tcs/Modify.java</file>
            <file>file:/C:/Users/hp/OneDrive/Documents/NetBeansProjects/tcs/src/tcs/Login.java</file>
            <file>file:/C:/Users/hp/OneDrive/Documents/NetBeansProjects/tcs/src/tcs/DailyExpense.java</file>
            <file>file:/C:/Users/hp/OneDrive/Documents/NetBeansProjects/tcs/src/tcs/Mill.java</file>
            <file>file:/C:/Users/hp/OneDrive/Documents/NetBeansProjects/tcs/src/tcs/Supplier.java</file>
            <file>file:/C:/Users/hp/OneDrive/Documents/NetBeansProjects/tcs/src/tcs/Shop.java</file>
            <file>file:/C:/Users/hp/OneDrive/Documents/NetBeansProjects/tcs/src/tcs/Bill.java</file>
            <file>file:/C:/Users/hp/OneDrive/Documents/NetBeansProjects/tcs/src/tcs/SupplierInvoice.java</file>
            <file>file:/C:/Users/hp/OneDrive/Documents/NetBeansProjects/tcs/src/tcs/Invoice.java</file>
            <file>file:/C:/Users/hp/OneDrive/Documents/NetBeansProjects/tcs/src/tcs/Collection.java</file>
            <file>file:/C:/Users/hp/OneDrive/Documents/NetBeansProjects/tcs/src/tcs/ViewDE.java</file>
            <file>file:/C:/Users/hp/OneDrive/Documents/NetBeansProjects/tcs/src/bgimg/Daily.jpg</file>
            <file>file:/C:/Users/hp/OneDrive/Documents/NetBeansProjects/tcs/src/tcs/SupplierBilling.java</file>
            <file>file:/C:/Users/hp/OneDrive/Documents/NetBeansProjects/tcs/src/tcs/ViewDetials.java</file>
            <file>file:/C:/Users/hp/OneDrive/Documents/NetBeansProjects/tcs/src/tcs/Main.java</file>
        </group>
    </open-files>
</project-private>
